{
  "created_at_utc": "2026-07-19T23:17:47.601764+00:00",
  "final_test": {
    "records": 68749,
    "labeled_records": 61899,
    "repositories": [
      "ansible_examples",
      "terraform_eks_blueprints"
    ],
    "sha256": "cff0f85db740a195366fb81cbad26ba34859f40fe12bf8695b263d1cdedb9b67"
  },
  "raw_models": [
    {
      "reporting_rank": 1,
      "model": "text_baseline",
      "records": 61899,
      "accuracy": 0.5914150470928448,
      "balanced_accuracy": 0.5160791875535279,
      "macro_f1": 0.38937127812308486,
      "weighted_f1": 0.6239803358496872,
      "macro_pr_auc": 0.4496009039586807,
      "log_loss": 1.3313147892375214,
      "critical_precision": 0.02844950213371266,
      "critical_recall": 0.0625,
      "critical_f1": 0.039100684261974585,
      "high_critical_precision": 0.05680119581464873,
      "high_critical_recall": 0.228,
      "high_critical_f1": 0.09094535301156761,
      "inference_seconds": 194.9845739999946
    },
    {
      "reporting_rank": 2,
      "model": "structured",
      "records": 61899,
      "accuracy": 0.5157272330732322,
      "balanced_accuracy": 0.4194898819410512,
      "macro_f1": 0.33847651570526777,
      "weighted_f1": 0.5487317115372935,
      "macro_pr_auc": 0.35615262003640397,
      "log_loss": 2.940573622779827,
      "critical_precision": 0.05314533622559653,
      "critical_recall": 0.153125,
      "critical_f1": 0.07890499194847021,
      "high_critical_precision": 0.07508833922261485,
      "high_critical_recall": 0.17,
      "high_critical_f1": 0.10416666666666667,
      "inference_seconds": 10.777379899998778
    },
    {
      "reporting_rank": 3,
      "model": "transformer",
      "records": 61899,
      "accuracy": 0.43756765052747215,
      "balanced_accuracy": 0.4593657484287089,
      "macro_f1": 0.31042558354324284,
      "weighted_f1": 0.4617934472484691,
      "macro_pr_auc": 0.40619321864106855,
      "log_loss": 6.271581237327448,
      "critical_precision": 0.04502501389660923,
      "critical_recall": 0.253125,
      "critical_f1": 0.07645115620575743,
      "high_critical_precision": 0.059574468085106386,
      "high_critical_recall": 0.364,
      "high_critical_f1": 0.10239099859353024,
      "inference_seconds": 340.27517810000427
    }
  ],
  "hybrid_variants": [
    {
      "variant": "primary_structured",
      "records": 61899,
      "accuracy": 0.5157272330732322,
      "balanced_accuracy": 0.4194898819410512,
      "macro_f1": 0.33847651570526777,
      "weighted_f1": 0.5487317115372935,
      "macro_pr_auc": 0.35617911891256177,
      "log_loss": 2.940573622779827,
      "critical_precision": 0.05314533622559653,
      "critical_recall": 0.153125,
      "critical_f1": 0.07890499194847021,
      "high_critical_precision": 0.07508833922261485,
      "high_critical_recall": 0.17,
      "high_critical_f1": 0.10416666666666667,
      "production_variant": false
    },
    {
      "variant": "weighted_ensemble",
      "records": 61899,
      "accuracy": 0.4456453254495226,
      "balanced_accuracy": 0.4735110005585731,
      "macro_f1": 0.34307345827847413,
      "weighted_f1": 0.4676870747059769,
      "macro_pr_auc": 0.461875074921955,
      "log_loss": 1.5691275402837537,
      "critical_precision": 0.044797687861271675,
      "critical_recall": 0.19375,
      "critical_f1": 0.07276995305164319,
      "high_critical_precision": 0.06793595845954133,
      "high_critical_recall": 0.314,
      "high_critical_f1": 0.11170401992173604,
      "production_variant": false
    },
    {
      "variant": "rules_plus_ensemble",
      "records": 61899,
      "accuracy": 0.4240617780578038,
      "balanced_accuracy": 0.6197470446767364,
      "macro_f1": 0.2734407335292783,
      "weighted_f1": 0.4563022717278241,
      "macro_pr_auc": 0.4642095569329044,
      "log_loss": 1.761253005970607,
      "critical_precision": 0.05113636363636364,
      "critical_recall": 0.590625,
      "critical_f1": 0.09412350597609562,
      "high_critical_precision": 0.06374674761491761,
      "high_critical_recall": 0.588,
      "high_critical_f1": 0.11502347417840375,
      "production_variant": false
    },
    {
      "variant": "safety_hybrid",
      "records": 61899,
      "accuracy": 0.4230278356677814,
      "balanced_accuracy": 0.6232163672395359,
      "macro_f1": 0.26926251846925403,
      "weighted_f1": 0.45577288145417555,
      "macro_pr_auc": 0.46390851583898296,
      "log_loss": 1.7607154338440119,
      "critical_precision": 0.05082053996823716,
      "critical_recall": 0.6,
      "critical_f1": 0.09370424597364568,
      "high_critical_precision": 0.06142506142506143,
      "high_critical_recall": 0.6,
      "high_critical_f1": 0.11144130757800892,
      "production_variant": true
    }
  ],
  "production_variant": "safety_hybrid",
  "production_metrics": {
    "variant": "safety_hybrid",
    "records": 61899,
    "accuracy": 0.4230278356677814,
    "balanced_accuracy": 0.6232163672395359,
    "macro_f1": 0.26926251846925403,
    "weighted_f1": 0.45577288145417555,
    "macro_pr_auc": 0.46390851583898296,
    "log_loss": 1.7607154338440119,
    "critical_precision": 0.05082053996823716,
    "critical_recall": 0.6,
    "critical_f1": 0.09370424597364568,
    "high_critical_precision": 0.06142506142506143,
    "high_critical_recall": 0.6,
    "high_critical_f1": 0.11144130757800892,
    "production_variant": true
  },
  "score_metrics": {
    "labeled_records": 61899,
    "accuracy": 0.42073377598991907,
    "balanced_accuracy": 0.5697914477149577,
    "macro_f1": 0.2538994081666087,
    "weighted_f1": 0.45351625994195166,
    "severity_rank_correlation": 0.27389401211984593,
    "mean_absolute_anchor_error": 17.274685329234135,
    "critical_precision": 0.05023547880690738,
    "critical_recall": 0.6,
    "critical_f1": 0.09270883631096088,
    "high_critical_precision": 0.06142506142506143,
    "high_critical_recall": 0.6,
    "high_critical_f1": 0.11144130757800892
  },
  "critical_false_negatives": 128,
  "high_critical_false_negatives": 200,
  "high_critical_false_positives": 4584
}